-0.22845940609604076,0.43359651099147073,0.0
-0.9139645100617346,0.8290882012062099,0.0
0.9729600549743735,0.5555116688887634,0.0
0.7233289118711208,0.4132649604719805,0.0
1.5035440938356897,-0.15923517656558356,1.0
-0.44124920494838754,0.6808963514793873,0.0
0.3982709522549359,0.6548004804755609,0.0
-0.36896760725692007,0.5436866233774331,0.0
0.8966721166549548,0.43928705461888085,1.0
2.077346872989462,0.23879972396554822,1.0
2.174930985565261,0.7129714732721186,1.0
1.6059312119242195,-0.16302338227868512,1.0
-0.8022870886711218,0.10972500566673904,0.0
0.8004392276678508,0.46598077425031137,0.0
0.7878060727532463,0.34781852899813903,0.0
1.2268650348100714,0.2583431721582601,0.0
0.7916655867405783,-0.00109605925051047,0.0
-0.03017083988960724,1.2515608561791955,0.0
1.4261273805945038,-0.0034150717687263243,0.0
0.4844583544497373,1.4177046648756768,0.0
0.25185084748354575,-0.19478906435367196,1.0
0.6636902436631996,-0.4778193167298052,1.0
1.2754633016683892,-0.34467267870372714,1.0
0.6463200348604412,0.4683056183871067,0.0
0.14938292400525366,1.1095241100912956,0.0
0.16684355715400714,-0.5587449570514762,1.0
-0.516347321212404,0.975465389385286,0.0
0.2519069493684498,0.24289872883972422,1.0
-0.49970653355930506,0.6893298151991708,0.0
-0.009246776902987142,0.9689450156532147,0.0
0.0731749486500684,0.016960694712798652,1.0
0.2594488332218067,0.5181188335598764,1.0
-1.065844764886389,0.2634417396364704,0.0
0.9203430443843119,-0.23923353459231264,1.0
0.0580719967046517,1.499552381461225,0.0
0.8252047521724094,-0.08644826741191874,1.0
0.2249884350823584,1.251140475284626,0.0
1.7325462121249628,-0.2802335895188218,1.0
0.15485443514103295,0.29486367572985706,0.0
0.4021851508269697,-0.09379646868129463,1.0
-0.5799721151859565,0.3840294611091767,0.0
-0.818168095961591,-0.24855444802742407,0.0
1.7523512426249246,0.5191377220752909,1.0
0.7592506493501866,-0.49368905719490785,1.0
-0.9448325516000892,0.6540717672989212,0.0
-0.043252185554222305,1.4841883962268063,0.0
1.2232870492871653,0.44505504383164307,0.0
0.31848589472660904,-0.13174744919886794,1.0
0.35074572144086025,0.7690015181672852,0.0
1.9962390394731417,-0.10455253712246687,1.0
-0.8245077075261906,0.7557044123154499,0.0
0.3794836411221555,-0.7939435147322659,1.0
-0.6163475522425361,0.585250752541857,0.0
0.29830566564970007,-0.34210396395434445,1.0
1.951421586397313,0.44823658961870844,1.0
2.6060981687456897,0.7037651945314894,1.0
-0.05988894559138104,-0.3467246462438932,1.0
0.8601758171885743,-0.05198762854497371,1.0
0.5068771079088403,0.3380008596389663,0.0
-0.12537179560571077,1.1414494852710448,0.0
0.3564790590754724,1.1002649680547814,0.0
1.0939938778629372,0.3678776258104415,0.0
0.9714715846011512,-0.13558806554604041,0.0
-0.3811185177523946,0.9960039574379911,0.0
-0.41743005066060485,1.0180389453378618,0.0
0.5926525016559617,-0.3505285013529659,1.0
1.8086900250915439,-0.41134406224689896,1.0
0.6106202550320384,0.8453916977820686,0.0
0.30954003750892084,-0.4064166639313476,1.0
0.5012276658283309,0.37943617284415543,0.0
0.1663220148369431,0.5079570060782095,1.0
0.15925744388069035,1.3805942416080352,0.0
1.9334216522777317,0.4101520738323937,1.0
0.19624769979759,-0.2503194495708509,1.0
0.9539394422809201,-0.4266692493892547,1.0
-0.8202933416699683,0.46913745634194975,0.0
0.5448557826923656,-0.6701131228895539,1.0
0.8898487800102768,-0.7205666989285018,1.0
1.2575502345901997,0.4032479821233943,0.0
-0.5217799738592903,0.35836022998334666,0.0
-0.9471507267682819,0.060097392649581985,0.0
1.5776866025040188,-0.36184000807096356,1.0
1.0654168004876357,0.3706643570494589,0.0
0.23208833594361633,1.0299228482958513,0.0
-0.1119544268212691,0.6405216995037151,0.0
0.11137775183183818,0.7650736841699299,0.0
-1.530272118433749,-0.08423778200236165,0.0
1.2222476345086162,-0.11027797443768883,1.0
1.2626605978363765,-0.22097973390932588,1.0
0.07383567405256623,-0.18147004232042166,1.0
-0.21867413222510806,1.0248716780245846,0.0
-0.19467450800007033,0.8322746333876501,0.0
1.985606515168969,0.3263561279842031,1.0
0.3699235200853402,0.789293706366407,0.0
-0.01999395172529699,0.3247279634580124,1.0
1.7625966425050308,-0.6430663912881585,1.0
0.5687962491216386,0.6967268709432712,0.0
1.0138392737052166,0.8341865501229125,0.0
0.7068718519870059,-0.3487329020622504,1.0
-0.2350550392080667,0.9987240986859648,0.0
0.4054489758502298,0.30804913721765215,1.0
-0.05131686975718758,-0.1695880736104924,1.0
0.4344388723927889,-0.3589426234808958,1.0
0.36162032857582543,1.0790046525424704,0.0
-0.9444416258111965,0.7144885226773368,0.0
0.16031311701095996,0.8409040140419755,1.0
0.9264392601982855,-0.13227092769149634,1.0
0.4817213598218184,1.088887441451745,0.0
0.12341983976119963,0.447436828881364,0.0
0.4945002825266227,0.7224668406133613,0.0
-0.24916882054140016,0.9798806924874335,0.0
1.6113891407297742,-0.03512224787368018,1.0
0.6460309437192956,0.6707191633562548,0.0
-0.06641590392232943,0.0015411251732994624,1.0
-0.7928883937575562,0.5953532043308938,0.0
-0.4352359023209079,-0.2859782281544544,0.0
0.5677315178839782,1.3138237509867947,0.0
-0.6557150505997248,1.1596957724279484,0.0
-0.7385271068212247,0.831695555002274,0.0
0.5834309048159866,-0.8685740609910975,1.0
-0.9723514189489244,0.008383720986682497,0.0
1.6264610702043787,-0.24577807254356585,1.0
0.3891787177831639,-0.47887997404386423,1.0
1.1447834600861697,-0.22960536615901947,1.0
1.9680646404027915,0.2523739761863637,1.0
-1.0647315870659546,1.089643127747019,0.0
-0.18556126286077898,0.4491276953860255,0.0
1.0696812057546026,-0.47798952114451837,1.0
0.4222324858632512,0.8326102575303245,0.0
2.5198826104661673,0.30816137645224406,1.0
1.8405853870153557,0.11729003565244996,1.0
0.9873508907710944,0.4231480471394547,0.0
1.981223594796152,-0.5812512053169189,1.0
2.344108846525779,0.24258279904350352,1.0
1.3450036121186228,-0.8378591686033112,1.0
0.3546903627155393,-0.3642125347705703,1.0
0.4700056609135863,0.47993400390358193,1.0
1.9237069474304338,-0.3062297505601511,1.0
1.1629374245562747,0.038063439247311454,0.0
-0.048663435468466576,-0.6888737712758128,1.0
0.9858672690256726,0.7428811116982134,0.0
0.9861635224147131,0.4762150209526135,0.0
1.6500205355164146,-0.1781768206592282,1.0
0.1640547642502414,-0.25354365502241666,1.0
0.2593555894452668,-0.5333000318006595,1.0
0.020460603983874392,0.9142315264994822,0.0
0.6397142804602208,0.9509239257260245,0.0
0.43064020994321617,0.40511000671845565,0.0
-1.1408293364337523,0.8090421394426435,0.0
0.4552582199622508,-0.21879745844028903,1.0
2.1654852331144525,-0.15585746780181214,1.0
0.4446251035912855,0.6184412383537968,0.0
0.11851194764493864,1.3255857978937224,0.0
-0.5850325368151672,0.2646978863427407,0.0
1.1699189376467565,-0.6324992989127478,1.0
2.1408951291992735,0.4437868033002572,1.0
1.7724937399083065,-0.11570678154403474,1.0
0.8129901297410067,-0.8768627098593798,1.0
-1.225065031070622,0.6944076996092258,0.0
1.2549480450477013,-0.315030983144413,1.0
0.6362346346355287,0.4598620311054009,0.0
0.6463565856419131,0.732006343378036,0.0
1.841172411355534,-0.10761135052136692,1.0
1.8764827291225428,-0.017839679753810345,1.0
0.7089425786113109,-0.9037438617330062,1.0
-0.8993964713317073,-0.20953691909450037,0.0
0.28715867818865676,-0.3602541682097316,1.0
-1.11874764676752,0.15759143050346788,0.0
-0.4750776687369144,0.45064677325832664,0.0
0.9798371280517407,0.23457807474719325,0.0
0.9670546375682082,0.5399240989885503,0.0
-0.7585864362929262,0.6231773340571369,0.0
0.30892214264497253,1.2503597209549424,0.0
1.6849625579824068,0.28054609360674826,1.0
0.03946099682082767,-0.36697111092840523,1.0
-0.728037955718625,1.1062876657682184,0.0
1.1509508143793992,-0.21934739819749002,0.0
1.844720430958459,0.238653140658383,1.0
1.2306584751191227,-0.7469983710941821,1.0
1.6181276317882605,0.27378800725955943,1.0
0.1256685917520143,1.4591015309044482,0.0
-0.7508023296143661,1.0906969144150607,0.0
0.3793180558608535,0.010386989733923047,1.0
-0.9588678825079305,0.5077552929675021,0.0
-0.5500500334773176,1.3510814916200597,0.0
0.15803608607238562,-0.5283759946744615,1.0
-0.7937133253029972,0.5280304497642534,0.0
0.010779427969007358,0.7745499623868393,1.0
0.09552378292902719,-0.8134335777885839,1.0
-1.2799358151029132,0.20616411266018841,0.0
1.0232716225364236,0.4672358702122573,0.0
1.4617832499284964,-0.5035287253981311,1.0
-0.2656405820810851,0.7940516221131857,0.0
0.295243305125396,0.1690611806715388,1.0
-1.608088121294168,0.5037400050875269,0.0
-0.5311394627123476,1.0137994914394006,0.0
0.23073977949538216,0.9077082553507096,0.0
-0.32899438325054375,0.8821074351413558,0.0
-0.6111593540035811,0.9365103768432582,0.0
1.8320695299335048,-0.5076954946559017,1.0
0.9719199700919836,-0.5071572415648055,1.0
1.0547444206996284,0.2651220045113082,0.0
1.1212411013609913,-0.7446556656047447,1.0
0.1283627396972778,0.966768903063226,0.0
-0.7473439263773998,0.10266290233636033,0.0
0.9472206388927676,0.44453350876700776,0.0
1.471723950604139,-0.8320533027647835,1.0
1.2850008667348143,-0.2724756986947383,1.0
2.4732060649243897,0.23571069330856517,1.0
0.6354851210117055,0.49257483190480106,0.0
0.011658540922930893,0.8865942468856371,0.0
-0.9076900952994589,0.4200079698640665,0.0
0.6025889723474193,0.3660752423299356,0.0
1.4480371267003616,0.05293344046694845,1.0
1.565247854421835,-0.593891311678425,1.0
0.017560987593980837,0.7963528170592336,1.0
0.7326456644247831,0.17152360598784755,0.0
0.8824192700931723,0.7451760992424625,1.0
0.8708911561425268,-0.6855420914714938,1.0
0.8138429410591062,-0.4652434408248603,1.0
1.097222802577618,0.3909020976793294,0.0
-1.5604180854400798,0.3196451965942484,0.0
-0.7221977280499404,0.6855884082695316,0.0
-0.1769742188064574,0.5020644986502714,1.0
1.5544580347899533,-0.1786999260160581,1.0
1.7450957224029922,-0.5537917949932,1.0
-0.710776467993158,0.5533203301010432,0.0
0.03152760800005044,0.408875162324575,1.0
1.9620974373496722,-0.8503813482971683,1.0
1.410263863355475,-0.9096352911730612,1.0
-1.0055957326824299,0.584018649983827,0.0
1.1608869331810134,0.9964502427829216,0.0
1.305034694381851,0.33670114774145987,1.0
2.5776408300502855,0.12934249454587954,1.0
1.1912657709115653,-0.03668971841775559,1.0
1.2865411983134605,0.6961074398248448,0.0
0.7345555483467742,0.8051644124258845,0.0
0.6895896459861637,-0.545180974650447,1.0
0.7192899462385423,0.5621443043522077,0.0
0.30160359655395974,0.5434014716375213,0.0
-1.377285485933412,0.2829565196324523,0.0
0.9519514134863134,0.21826281320444363,0.0
0.6947784797904925,-0.9323047747724875,1.0
-0.417249941925824,0.5648046396964279,0.0
-0.16506684869700536,0.2568906647134296,1.0
1.1059828862707062,-0.3720218152953386,1.0
0.37879132054591846,0.9733881014128303,0.0
0.3826790979417461,1.056296504304062,0.0
2.0924539705700553,0.2106407970155993,1.0
0.18270098305708438,0.5852152748383119,0.0
1.0212108233726536,-0.584300573664651,1.0
-0.08280202285499466,0.24585006759062966,0.0
-0.2694367026369854,0.9850320948306738,0.0
1.6380370132482378,-0.24121733202450918,1.0
0.441930429694833,1.2059538273723835,0.0
-0.06621319471846338,-0.3626562377380981,1.0
-0.035379411736204125,0.7054841426509268,0.0
2.19098216011428,-0.15401779463714454,1.0
0.681176268571597,0.5534503079428288,0.0
-0.4358742854024643,0.8762394076968141,0.0
-0.5492315569762366,1.112450334752165,1.0
1.3574470988609535,0.0817440625849904,1.0
-0.8622151402239034,0.7225526846487009,0.0
2.0965038749468596,0.35832652049492614,1.0
-0.3693685730433075,1.008576578064914,0.0
0.3789473561888569,-5.662925376689887e-05,1.0
1.9015291495227835,-0.40614112764620797,1.0
1.8968744013225176,0.10944556922128981,1.0
2.21877128194012,0.9740499852680876,1.0
0.2966316149730972,1.1863387458091907,0.0
0.41571252040722384,-0.7229870809746792,1.0
-0.049328194351503374,0.39603142141384257,1.0
1.3579033592412104,-0.9804261163844437,1.0
2.1046276101789836,0.3544895913595875,1.0
1.2885723396387985,-0.3686144339459063,1.0
0.009579308160426958,0.1709306733443738,1.0
0.9143132215290624,-0.5390805206582442,1.0
1.8582732296207918,-0.21929351636712446,1.0
0.46602862000543843,0.6750734098798783,0.0
0.6167843309331866,0.6776600620008804,0.0
0.7394075051877128,0.4556321063732752,0.0
-0.6626589241237781,0.8771002346469874,1.0
0.31251213621014323,0.9491081167739878,0.0
-0.2893505272705801,0.9293771374943024,0.0
0.2510350681839641,1.0671148657703993,0.0
1.250478299672204,-0.22081991247069693,1.0
1.0617157879345351,0.9916385409281285,0.0
1.45738799489127,0.2581938024997691,0.0
0.49127780220188616,0.03421109346945056,1.0
0.9420645712590778,1.0179546809395545,0.0
-0.7715562350149072,0.4815767003527237,0.0
1.185042056738128,-0.0685080762164659,0.0
1.291855559752162,-0.4096406376945329,1.0
-0.4878442428004025,0.6728719419498785,1.0
0.0810266554501029,1.291106666313494,0.0
1.4969180426474002,0.7323691748397249,0.0
0.421879374655688,-0.5543288955060152,1.0
1.4962273270649658,-0.5776468056745674,1.0
-0.05730957000935025,0.4993316420001244,0.0
1.0971513919157836,-0.18970709205366673,1.0
-0.30140799591733025,0.8623397330386539,0.0
1.3086530198273654,-0.7414061867557007,1.0
0.27647059351996905,0.5783753226740267,0.0
0.44903445229346894,0.12597342109297588,1.0
0.8321324063679338,-0.7105803287576078,1.0
0.8612976722993697,0.26472805539044375,0.0
-0.47388100223990637,0.1798459771142949,0.0
1.386104557702223,0.6944538020715837,0.0
1.6004964450416428,0.379737716129029,1.0
-1.3708396540994503,0.17576003917531402,0.0
1.1836872247351473,0.31626366278190166,0.0
0.5464342063150043,1.133762894475632,0.0
0.11777551380884457,1.1501879175938863,0.0
1.6740924738145424,-0.5169561843409423,1.0
0.3332483997147395,1.129087732560885,0.0
-0.24977330748861665,-0.0177219583564569,1.0
-0.0845558547075374,-0.4317768869002856,1.0
2.618213007512167,0.5102864000182975,1.0
0.43726149347088505,1.5755215554507442,0.0
0.5222659668227719,0.6215013114830891,0.0
0.9403349474784405,0.778167426153688,0.0
1.2672536187361063,0.07076034387421026,1.0
-1.4065448361891817,0.003597815439616958,0.0
0.46375656380203456,0.7360596935666296,0.0
-0.7217626988437421,0.14657796129520562,0.0
0.9940641741163854,-0.6955202734113725,1.0
1.4564079209101748,-0.47827378628902667,1.0
1.1655796021650282,-0.15001478818079939,1.0
0.21472951183620773,1.2593267185686425,0.0
0.6859863389181667,-0.6728510347375265,1.0
0.03518777884216895,0.8038762196985102,0.0
0.5022088319892548,1.0489243124534577,0.0
0.3358746589677613,0.08812432513483479,1.0
-0.03602445589092521,-0.4450362556789871,1.0
-1.0691905954162146,0.240218250309081,0.0
-0.01790237086276225,0.9412861665970738,0.0
1.1470368741159993,-0.3663210882624354,1.0
0.20119023820421147,0.4475129768767252,1.0
0.6097486959318613,1.190767074282063,0.0
1.3344937544859956,0.24742629486318013,1.0
-0.3409311679260904,0.6221853366097398,0.0
-0.6305807505897307,1.2916413889148333,0.0
0.011715205505974866,1.024191943234643,0.0
-0.5765979852838685,0.6459959220523093,0.0
1.1973910288121181,-0.12755006028661903,1.0
0.8525644500671434,-0.8009700888309885,1.0
1.5231502831719355,-1.1178784141277,1.0
2.2849798775621206,-0.13207047934893879,1.0
0.25625741000637775,-0.6336418071718911,1.0
1.0845323434590437,0.47648019681828746,0.0
0.08460723013058243,1.0631297353607674,0.0
0.8001444046234423,0.19872085004122583,0.0
-0.6143272403414619,0.320738712928075,0.0
0.93512831877826,-0.46492300931928343,1.0
-0.04460694615808958,0.5638815909264101,0.0
0.6571932295289162,-0.4724259822447833,1.0
0.6436264135075296,0.7436990647041442,0.0
-0.6356466144393215,0.7864629746566765,0.0
0.9232608471805743,1.0881061918804638,0.0
1.373908541518538,-0.359386058186383,1.0
-0.9804688362980694,1.2476301604589086,0.0
0.6185567659814952,-0.2984190779972688,1.0
-1.1261682305594118,1.3001086412337024,0.0
1.645479846477672,-0.09672346227090017,1.0
-0.538096016583013,0.7391588082025548,0.0
0.49907917645302313,-0.6060175930824242,1.0
1.2442473570453845,-0.7092986095622706,1.0
0.07669346688335835,0.4717468176593058,1.0
1.4091906750022174,0.2594139262993391,1.0
0.8908635522113961,0.8879453226963676,0.0
0.21041623270894352,0.2854648625888364,1.0
1.038203132839799,-0.47533074148841586,1.0
0.9420092820863187,0.2275547502461221,0.0
2.0143273017105594,0.7846609042496875,1.0
1.1376977336390273,0.013491445324068374,1.0
0.057788128213247004,0.6870635681302727,1.0
-0.6964164907339776,-0.11270307572999005,0.0
0.686711717663613,1.218716225826198,0.0
1.6924211728794,0.26725844493645773,1.0
2.468738050274883,0.12619444219404052,1.0
0.7454616717633128,0.46691985072587244,0.0
1.136992626646552,-0.544070098666682,1.0
0.48383803865302727,0.5893086886164718,0.0
0.3659015270380803,0.5951619248788816,0.0
1.0975856478776063,0.271884695493673,0.0
0.22248379677914437,-0.11053428883904567,1.0
1.1262210056649862,-0.3657454204139059,0.0
1.4679386355819388,-0.36428078466372404,1.0
1.1266979789653067,-0.16488429569426932,1.0
2.2915066102635735,0.18833670500158667,1.0
2.149670756111633,0.12219076909150395,1.0
-0.9644303530617939,0.8573761980458441,0.0
0.14562549176968986,0.44932425317957436,0.0
0.37168740186111704,-0.14982010523669648,1.0
0.7154993228678459,0.10598654819295739,0.0
1.0727901149928742,-0.6791691533260711,1.0
0.6130966320425271,0.29226710972889586,0.0
-0.0990760726775244,0.8676715555481822,0.0
0.17317899698041125,-0.5851697368453938,1.0
-0.7979764615513169,0.304761021729616,0.0
0.10401359528049194,0.05564373013565474,1.0
1.0458548270687116,0.4332962860459834,0.0
0.4036284215539138,0.597845179838311,0.0
1.862936282203284,0.11602905427408279,1.0
0.6931463930251633,-1.45838332440382,1.0
0.41928125419134077,0.10359340797583347,1.0
0.20373421174912631,-0.3705750421197746,1.0
2.150503779270156,-0.5859495986723576,1.0
0.35893735266007465,0.6643797006685497,0.0
0.32905691931285663,-0.19007385513912478,1.0
-0.45341102753334106,0.30694784922814655,0.0
0.4551146284893208,-0.19866500511897406,1.0
1.0638088707980446,0.3529655275950603,0.0
1.3351037721331844,0.1220483218163502,0.0
1.8086506714667454,-0.22642279050476585,1.0
-0.014476720812447774,0.926749538879796,0.0
-0.16119770877131004,0.16984688929889258,1.0
-0.30198841706043245,0.3943160717602867,0.0
1.1378299595487684,-0.7199660871113368,1.0
1.672964410386097,-0.15742157696829684,1.0
1.4371529766530058,-0.08546940665373537,1.0
1.6455476902260546,-0.33417580215541376,1.0
1.4325701767643182,0.7538763005541287,1.0
0.24205057804949243,-0.10369013187719976,1.0
0.6393639782445943,0.09460340622058028,1.0
2.2311246590377523,0.6954162866998364,1.0
1.4212155326480984,-0.21344576489883876,1.0
2.022831976905186,-0.5047894916586031,1.0
1.380443128881974,-0.6369802685218617,1.0
0.566790092369974,0.5146663722840559,0.0
0.9398749507656328,0.49429573284932105,0.0
0.8745094915820456,0.5125263134413238,0.0
-1.5171278337308687,0.15483583998778314,0.0
0.7944102806612261,-0.320624118888039,1.0
-0.5400111513483772,0.8504914330034908,0.0
0.5377556929443297,0.7922857752898504,0.0
1.0774244618996587,-0.6640838025594544,1.0
-0.7280395434057401,1.0475156579294613,0.0
1.9642668941748869,0.5430288739730376,1.0
0.6033385146033894,-0.5647157052604534,1.0
-0.9335837451253527,0.8177227879740622,0.0
0.9776295314450607,0.11678764839726308,1.0
-0.976824954837982,0.7004701690884708,0.0
1.3101054792046434,-0.10475251299714855,0.0
1.6551339750936345,0.07548734238101229,0.0
0.7877632541780221,0.15579002820951937,1.0
1.003012199330116,-0.21982336176621198,1.0
0.8161636255104646,-0.3850327810803593,1.0
0.27186492368263215,-0.018223457807418506,1.0
-0.06699333093249171,1.194750763499884,0.0
0.33429847461924855,1.114694058620649,0.0
0.27413595790799916,0.6635330820958685,0.0
-0.6604195793355607,0.3453194395254544,0.0
0.9786019729435541,-0.8601818934795256,1.0
-0.5822515072742802,0.5568353292549447,0.0
1.0953955572544503,-0.8776761581375487,1.0
-0.7593904146864648,0.2912011341688635,0.0
0.9576574592724023,-0.6734248083911735,1.0
1.1732525546526467,-0.5977553222707466,1.0
1.1253517148553236,-0.494903972125328,1.0
0.293168514793868,0.07580706702674461,1.0
0.7132247181767929,0.6580993085358894,0.0
-0.19018281602237447,-0.440320787046695,1.0
1.5820019485615058,-0.4438865046089396,1.0
2.046858264748805,0.285391948300707,1.0
0.4830222094911429,-0.5944843612690573,1.0
0.26755269899185885,0.26913326082090766,1.0
1.6003099518318418,-0.08196375158850017,1.0
1.3073432067622452,0.3010561905510432,0.0
0.5955805432836281,1.3968060856448052,0.0
-1.0957238934131541,0.32614174115021866,0.0
-0.07025114241908514,1.0829186293442155,0.0
1.766325081390688,-0.06740244713994792,1.0
1.5320691467146383,0.06640532612546846,1.0
1.9994302826423327,-0.2954722196653351,1.0
0.19197201074082265,-0.5515871494595405,1.0
0.3501820305139758,0.5630952305582871,0.0
0.9970551006859011,-0.0147737780052547,1.0
0.19203947709122204,0.4897101386621626,0.0
2.0538539304373233,-0.0004881123110207636,1.0
0.4803492060962269,-0.43947165020667595,1.0
-0.6646717894067642,0.4663100353265826,0.0
-1.112486431213289,0.08439480182734205,0.0
1.1788131429377247,-0.4304461155111482,1.0
0.43181224996694534,0.5139038623683024,1.0
-0.30921925731517613,0.2424271939030605,1.0
0.7235531097363193,0.32953340308950646,0.0
0.6834696271926961,-1.030563063239151,1.0
1.6420777808646831,-0.4536547231839211,1.0
1.2092338267618603,-0.39434863381575125,1.0
1.194983968660729,-0.4152772094679702,1.0
-0.08255734865520103,-0.30754131506247195,1.0
-0.9652313480683583,0.9451068324018259,0.0
-0.41904473699290945,0.3520515243708914,0.0
0.6295677268379001,-0.12429750606098866,1.0
1.8837399612348171,0.07643600698723477,1.0
0.5958906946225566,0.050283764479738036,0.0
0.3062992587769706,-0.3834941104367712,1.0
0.2982761136655184,0.5980700142561877,0.0
1.2620327986361581,-0.08955812029302003,1.0
-0.08809467166613871,0.30942318910533684,1.0
-0.8922676355737806,-0.10038633416958198,0.0
1.9378137936147992,1.016737297833206,1.0
1.366613987495445,-0.24326069359577426,1.0
-0.14722661299291026,0.29279971859865916,1.0
-0.7674421532493885,0.44833645831987157,0.0
1.5827055363972,-0.6272268467650486,1.0
0.45577509951992756,-0.10884020220592322,1.0
-0.7588234135734859,0.01853237513195133,0.0
-1.0634853738993855,0.6129783138574287,0.0
1.934234361209625,-0.15159121026782799,1.0
0.9206576848233379,-0.40116159247637756,1.0
-0.9179197207292811,-0.15826221162066406,0.0
-1.0086458732006802,0.7226181599139228,0.0
1.7613576536773883,0.11941058668923672,1.0
0.7635021742809742,-0.37884780420383646,1.0
0.4198116355906161,1.057668198487489,0.0
-0.9620154133831752,0.9060222443310525,0.0
0.405623690122724,1.3267143649368198,0.0
1.694014166355792,0.1206606794362225,1.0
1.2074950643207223,-0.10647175930784408,1.0
0.23061841932925137,1.0756361430291563,0.0
0.3769382106650342,0.03630715572953855,0.0
1.1263267490078945,-0.11433498033282163,1.0
0.3021492391640271,-0.2210860864676521,1.0
1.078188329697984,0.26062720230052155,0.0
0.03480549902217378,1.1073930706403865,0.0
2.006514696334658,-0.7467103318364803,1.0
-0.6793692937764488,1.1643518046356605,0.0
0.1853914080267634,1.4878155615745587,0.0
0.5100228054710074,-0.5016821943138426,1.0
0.8334255558981607,-0.6177053216278349,1.0
1.955007179640193,0.16393556873547016,1.0
0.463314998061604,0.11787000046579632,1.0
1.159037888924482,0.8473621785274854,0.0
0.9826235778485224,-0.9015867387326975,1.0
0.11147731632982588,0.47152418832565385,0.0
-1.0959580161604852,-0.016089774975680676,0.0
0.5004141400460069,-0.6172092936186129,1.0
-0.42386180055542294,1.1115538702072998,0.0
0.4436348776448587,-0.5113038338670105,1.0
1.5196152654116073,0.6121178529466784,1.0
1.0371726625970847,0.6302238699773306,0.0
0.6753272488469979,0.5447567707467267,0.0
0.12944743496690564,-0.06832785051789397,1.0
-0.1328389017511007,-0.5388718656582732,1.0
1.6666153810483055,0.09698888402162431,1.0
0.36320406331408156,0.6502737237801224,1.0
1.6011665756129354,-0.11195612362991192,1.0
1.1040760465559503,0.4058319531148227,0.0
0.28105993014812064,0.9082124671021461,0.0
-0.3431755057491465,0.599619930938051,0.0
-0.43543892532066436,1.6196623697651074,0.0
-0.8048713107630907,0.7261756519514707,0.0
0.127261164476315,-0.24643717912412058,1.0
0.05640381532326555,-0.27231133694630427,1.0
-0.11737837999278133,-0.21786427417362755,1.0
1.0492412948962337,0.3623980044875256,0.0
0.2815660693319353,-0.3374078974389326,1.0
-0.9806316078393215,-0.22630569509225032,0.0
0.8213818469223856,-0.5598819476040504,1.0
0.4625841193692773,0.9413627540745498,0.0
1.8326692345137248,0.07498451181008252,1.0
1.2026832615679037,-0.45892788925641426,1.0
1.637045746440666,-0.6589996978393302,1.0
0.1543195935797744,0.15967828102160847,1.0
-0.540704246783082,0.8448787239362567,0.0
1.7650848960466528,0.1531853349124948,1.0
0.26549434622273055,-0.024119278528380847,1.0
-0.9620647112903441,0.2259695160894108,0.0
0.9504396553114116,0.3133487679679236,0.0
1.7823867465882137,-0.0026462146707239287,1.0
-0.5187344898020346,0.260806374826845,1.0
-0.29785665255040666,1.0002902146220913,0.0
0.26699823128707756,0.2939633217540426,1.0
0.15312360592618218,-0.2027211513460111,1.0
-0.09952672797428239,0.39740466692713794,0.0
-0.7978992920769554,0.3867369018294511,0.0
2.231764654532141,0.5248352183501427,1.0
-1.3259640019319279,0.7267312531244053,0.0
0.04865138729365237,0.12891851672498844,1.0
1.8688516479501665,0.08674511473826498,1.0
0.17647843169502905,0.54664012398208,0.0
-1.0075473773492987,0.6616274055193256,0.0
0.6587134967098849,0.15086638036100924,0.0
0.3495193189456539,0.8398829516414393,0.0
1.186721139183188,-1.0192555650261248,1.0
0.4101459671095584,0.4679061040034802,1.0
0.22474907588588466,0.2161938996542287,1.0
-0.704137229919041,0.3940042030073175,0.0
0.9926327608705261,-1.0083218522718742,1.0
2.055584311072758,0.00046964927551756963,1.0
-0.22772865057148156,0.9230008757461992,0.0
-0.6431100513846864,0.24971529641942575,0.0
1.957974440406235,0.2940635016303339,1.0
-0.5702718804972335,0.25095157501852916,0.0
1.1033989470080503,-0.17319265809639744,1.0
0.20861173383556564,0.8345701071709057,0.0
0.5055445619997152,-0.120180439562138,1.0
-0.3234090467320846,1.1367396814764636,0.0
-0.47011685709090967,1.0520333291996509,0.0
1.369135596050176,-0.0779287135866649,0.0
0.21003911426883987,-0.09513024063234297,1.0
0.53992052546129,-0.4236538488571021,1.0
2.069352331433414,0.1409879380603124,1.0
0.7861026874176168,0.25341669852280696,0.0
-0.4042558293394949,1.0042352389805933,0.0
2.224347516603292,0.07674000792956878,1.0
-0.3256914561054515,0.7211203064684975,0.0
0.24250245395433395,-0.2339117675115991,1.0
1.698596219309759,0.3158498054722283,1.0
2.074861275856048,0.6892624410313756,1.0
-0.3592607744629229,0.38283758889413866,0.0
0.1262529689041584,-0.4061579830691172,1.0
0.24843277923821197,1.0794140559570973,0.0
1.256204621991123,0.7956247699869813,0.0
1.2626020943418321,-0.7244013995510779,1.0
-0.42189533421580033,0.7182191781353598,0.0
-0.0077113802845495474,0.7241468700231011,1.0
-0.3945448767408597,1.093664990203065,0.0
0.006442295420333033,0.985838251106391,0.0
1.943931085947917,-0.12421358252689557,1.0
1.8783884578437513,-0.15295907450828755,1.0
0.8129764903810366,0.250067919382248,0.0
-0.03299081027132385,0.011191751245866216,1.0
1.6603802130561054,0.21000831530264746,1.0
1.567398127067238,-0.17509443590265927,1.0
0.01735721018167173,0.8451087581868237,1.0
-0.3528403735600731,1.0577564086164235,0.0
0.04198154599184692,1.1549768181761726,0.0
-0.6145233806689278,0.9464062719851846,1.0
1.077684473038292,-0.7374147123436721,1.0
-0.1764453021838234,0.27934997546974766,1.0
-0.1373157644293013,1.3652295496508446,0.0
-0.18457760708092041,0.28407620139303413,0.0
2.137707489146135,0.2921111993967822,1.0
-0.06832428522863637,0.6160272718716334,0.0
2.010990727602776,0.7863877221712712,1.0
1.4574970534886067,0.8797500422503818,0.0
1.1136372773733347,0.18623676862170618,0.0
-1.2338413451412602,1.3174168148125849,0.0
1.1759050952988266,0.9862099526457405,0.0
1.6200430908202132,0.13559995408211478,1.0
1.2420277145761727,0.22447557427192183,1.0
0.5164319676922547,-0.27321014134348337,1.0
0.7333671041931241,-0.49896860311646285,1.0
-1.00105758106166,0.4493453652497697,0.0
-0.5666818878307187,0.6035636982086195,0.0
-0.8935445681380488,0.12976691100429877,0.0
1.8209794155916252,-0.4371277282865288,1.0
0.024254316388296317,-0.03977129099622609,1.0
0.1339221438247951,-0.2924408671260667,1.0
0.13106040128542013,-0.09608639502284128,1.0
-0.05402811670967539,0.47660562898699926,1.0
1.2397667957201184,0.2568885465970685,1.0
0.28785392392194725,0.8018112148585415,0.0
-0.06256178531024364,0.7576189063013411,0.0
-1.0387876839079966,0.010990037661056662,0.0
0.6570755373442523,0.20783212167557052,0.0
0.9875400427470346,0.38852529493879306,0.0
-0.03643157153869159,0.9840282424757876,0.0
0.9840327055911124,0.9126303439676147,0.0
0.6683699519923387,0.3701351024819551,0.0
0.05884303132318214,0.7268047549538807,0.0
0.2581512041113146,-0.9055017101108216,1.0
1.567455330089405,-0.674444826083916,1.0
-1.5581099352974752,0.01858434613092219,0.0
1.8497323944577526,-0.09150533527504938,1.0
0.08002592791795915,-0.3192670585253575,1.0
0.4218510765737863,1.0687126386783568,0.0
0.0885646449979642,0.446423160588658,1.0
1.0380887452347685,-0.32660115215911667,1.0
0.0837007956286549,1.0190750674420361,0.0
-0.4713570663514213,0.45162858357813,0.0
0.19086107389171617,0.49420576854805837,0.0
0.812753116741914,0.69223876365648,0.0
1.3082807904849263,0.9929571927181118,0.0
0.6767933467269384,-0.02590053710869314,1.0
2.097643921332089,0.33482403910369485,1.0
0.6284334345131093,-0.7972999173314438,1.0
0.24973267527146636,0.7011667365549933,0.0
-0.2892212487332188,1.215119741280106,0.0
1.8868366425842489,-0.5535683231483411,1.0
1.3880261594177974,0.14435757132002341,1.0
0.5829704698421538,1.1034793383043764,0.0
1.6714779123417831,-0.005337727356929223,1.0
1.6983422565291562,-0.23805817159544623,1.0
2.068188750408003,0.4308014860369639,1.0
0.5572012775294715,0.7299781785621456,0.0
1.6714446229352018,-0.3984012926623294,1.0
0.9721589442725823,-0.9350211131472109,1.0
1.2402459708312379,-0.6916045453395879,1.0
0.6503774306237529,-0.15144355905695064,1.0
-0.8044538821753235,0.6541323199077009,0.0
0.44039437745202403,0.7463373619008686,0.0
0.45707464929917097,-0.31030246791252664,1.0
-0.204233259957793,0.2284007674555928,1.0
0.9257280877515308,-0.13745171317536448,1.0
1.1137730102052477,-0.26795839015279016,1.0
0.6333437824686305,1.0910465078713698,0.0
2.049089534715795,0.3145244849955454,1.0
1.4382332732012122,-0.38595259980902175,1.0
0.18657940455604485,0.9404893251303252,0.0
1.2472989251628206,0.00934252962003912,1.0
0.8074066287756149,0.49815295159769923,0.0
0.7049367628902315,0.569168880431003,0.0
-0.11337546972003615,-0.11434463198784135,1.0
0.21169992288015832,0.3893815060244818,1.0
1.529615553363862,-0.08295190201904418,1.0
0.6078984192676815,-0.6448425971347036,1.0
-1.003075918983136,0.32704526619017,0.0
1.9030608880095494,0.5694294293243964,0.0
1.2795850600130412,-0.3380581405573608,1.0
-1.1245543543088723,0.7788450928996618,0.0
-1.2959074179267691,0.32743868189323416,0.0
0.8220327400633873,-0.438260264260708,1.0
0.2836057457062798,1.1773273663590273,0.0
1.6555678590328666,0.38919537687334244,1.0
1.490549836341433,-0.26647244970684547,1.0
-0.542478943610937,-0.09174887518220873,1.0
1.2099049241284054,-0.12247453274944026,1.0
1.8316842291716267,-0.28294335280059596,1.0
-0.29692942015942225,0.28208553136921277,0.0
2.178847392602117,-0.03167664255426833,1.0
-0.1328824477019609,0.6824640815603944,1.0
-0.056065089416438355,0.16787416800372612,1.0
1.7194112199560931,-0.10082254018271429,1.0
0.3318273332381215,0.6680230781658385,1.0
1.1724387028931347,-0.8150206032620726,1.0
-0.08772408060497328,0.4108907593784743,0.0
0.6975246701840712,-0.10676428503041596,1.0
1.970163599125831,-0.5867516306516685,1.0
0.6809111544142413,0.17557555849691886,0.0
0.7983373589159718,-0.15588683196402914,0.0
2.148315876675638,-0.003643110868212035,1.0
-1.082898393946353,0.7917210217838011,0.0
0.9481476712985349,-0.3166005114979468,1.0
0.07390488558775522,1.4421614743496973,0.0
-0.19563731690626146,0.1474314702955809,1.0
-0.06775936656917253,-0.4432695133056701,1.0
-0.2753980010096592,0.44226814120177305,0.0
1.5771318548963063,-0.2239476764688907,1.0
1.5212678493406395,-0.632418970455416,1.0
0.7307315116748042,-0.14291480786672123,1.0
1.629254248283764,0.5554479156593968,1.0
1.515167688983666,-0.0592665129852844,1.0
0.33258098157984417,0.14769311834295062,1.0
-1.5658769683587774,0.32182050339823765,0.0
0.06731859100428032,0.5598189980887491,1.0
0.8219262598869749,1.1607700692495555,0.0
-0.77939943615147,0.354907240895206,0.0
0.5910002841929028,0.37049334687639485,1.0
-0.865308040861259,0.35837350989450006,0.0
0.5227920065500552,0.20354193409659982,0.0
0.6571049768781558,0.7637815647659528,0.0
-0.4973166218904107,0.2206309212010069,0.0
-0.4394241464091654,0.3953797069015029,0.0
-0.6100687580465581,1.095957530211553,0.0
0.255980011105406,0.532087819318147,0.0
-1.3411537441721268,0.48379580700476865,0.0
-1.0610311087748614,0.33475943410013304,0.0
1.346547846206374,0.5126015244162487,0.0
0.7541843698846098,0.39851124011613587,0.0
0.4240158563424822,0.7588483620349344,0.0
1.1762540069061371,0.26867398883886506,1.0
1.7644048270013741,0.20872357818697934,1.0
-0.001290535318311553,-0.03137741987764822,1.0
-0.6070533334783355,0.9153089062776856,0.0
-0.02936048098018021,0.7595721460044058,0.0
0.07300191986359664,0.7656598037701222,1.0
0.3387353407835436,0.8488528906908268,0.0
-0.12838213537346194,1.1357780816026541,0.0
0.5610469248923291,0.4791555766462695,0.0
1.9539740303442696,-0.5037094588139697,1.0
1.821530168069006,0.4259492318026724,1.0
-0.004266172761704011,-0.007700472731451635,1.0
-0.9303692550769973,-0.14281528971318053,0.0
1.1532230974932536,0.33012450705115226,1.0
0.8855460499600178,0.20122022577859927,0.0
0.6084002221892133,-0.651395263954827,1.0
1.837001036555546,0.1843741537538091,1.0
1.1290563071784148,0.1017871470718556,1.0
0.5123283895511507,-0.30254783106527544,1.0
0.9233507555893365,-0.8128073114590397,1.0
1.8823372176795812,-0.08828582635220006,1.0
0.5554346168971449,-0.06844701611285207,1.0
-0.2389128689882391,1.2353488109016193,0.0
-1.879936732997587,0.34014508744874716,0.0
0.09881387812263964,0.1530799850757401,1.0
-0.7500084735773207,0.034604713383675434,0.0
0.33809515746136976,0.13497477345942915,1.0
0.14352601925391484,-0.34107889805185276,1.0
-0.30143734467355465,1.4752842163134086,0.0
1.2500745320716697,0.44383119854149833,0.0
1.432073515196216,0.03585884290633354,1.0
-0.4451587871239877,0.8472168323054305,0.0
-0.4722734394232999,0.8503207580837961,0.0
1.9553335128047733,-0.4801198789574793,1.0
-1.4824410268108106,-0.3406712920971958,0.0
0.8352395960239931,0.51604699584992,0.0
-0.10611215542411045,-0.21964416467351344,1.0
2.1299335519170643,0.1982400250163578,1.0
0.8720101201689843,-0.4405316780892932,1.0
0.10551620188367922,0.14577977738204234,1.0
-0.6168411708178547,0.9967462898244158,0.0
0.6909778350884578,-0.5874241752000665,1.0
1.4024444778675051,-0.3229810544486853,1.0
0.70553125872193,0.1612143682484518,0.0
1.6715952550811664,0.18785024939701633,1.0
0.4359775492778304,0.4891760059360488,0.0
-0.2341845459709622,0.8765142318978879,0.0
0.4704466382461216,1.2353557747626813,0.0
-0.8716731182689852,0.21836367487722969,0.0
-0.11542969774618761,0.6278874443121856,0.0
0.861260349848687,0.8526163560725579,0.0
1.025363479652055,-0.32480665491815996,1.0
1.048453871372046,0.3626784327259652,0.0
-0.7566347043394065,0.9353562451205849,0.0
0.8596395196906752,-0.16315347811044267,1.0
-0.7711913837016486,0.5571222711495514,0.0
0.033131861117053074,0.22408475280101836,1.0
1.215738330138444,0.35005391039473466,0.0
-0.2971511167980231,1.4259339680444565,0.0
-0.6223275383490825,0.5117848257819643,0.0
-0.7886864788513852,-0.09252874586412041,1.0
0.5360949313218777,1.2277177600942495,0.0
0.6435207082745231,1.3451453999373701,0.0
-1.0114045305060682,-0.029117227755239616,0.0
1.2533912864063348,-0.7352768872692916,1.0
1.1563881586488278,0.12886385979814874,0.0
2.3970838645436414,-0.3163261661715264,1.0
0.9538455492232429,0.7100739438820641,0.0
-1.1027352466091966,-0.1769781301406133,0.0
-1.1943986442666175,-0.3231403650475059,0.0
-0.56124084938041,0.951006011163352,0.0
1.0332539997144436,-0.6995670614730914,1.0
-0.891310142089499,0.27211504607478754,0.0
-0.33289664567023164,0.5808287617601051,0.0
0.818912093047838,-0.5543820691759974,1.0
2.0657369251640647,0.4542333145270586,1.0
-1.0852107663391177,0.2682778267302146,0.0
1.4323155463667692,-0.5340509689936137,1.0
1.0469787594384035,-0.00911141258422241,0.0
-0.6112506647480458,1.3948964460108133,0.0
-0.5345286396357223,0.6568789195391589,0.0
0.37107948953951775,1.207758722810149,0.0
0.6312221605352287,0.47771862697578,1.0
-0.8890266164495508,0.15144185853926756,0.0
1.021088128788112,-0.8583934051118012,1.0
0.09653065977876701,0.6681556497175658,0.0
0.6822207115108831,-0.6395082126067522,1.0
0.6767535218099769,-0.43556731783197594,1.0
-1.1310460306010102,0.6541687886660463,0.0
0.017824628279764776,0.9282762535462963,1.0
0.7883196369332717,-0.25017423015073276,1.0
1.2056260469537978,-0.19788967667901564,1.0
0.9477041280559917,1.1190790116363516,0.0
0.5079381994031803,0.08638267960412821,1.0
-0.7378742277387169,-0.06743439666992362,0.0
0.9978628938698437,-0.3992170205432586,1.0
0.609130786997584,0.6565964978251889,0.0
0.6282246202791828,1.1044004486049472,0.0
0.5919134204714118,-0.6321550329894119,1.0
-0.10694638281076818,0.8963502865855717,0.0
0.9121476891362224,0.46868951480269855,0.0
-0.5141273134382943,0.9090718609968428,0.0
-0.7028405354826127,0.6183932071227909,0.0
2.149844744536732,0.22648712722891434,1.0
-1.0636921753248856,0.4788738036524975,0.0
0.7221484946219962,0.9263622023804436,0.0
-0.1379568873714761,0.7576223738852197,0.0
-0.9067357742941906,0.6765011346423838,0.0
0.20707909472121197,0.1887997449182549,1.0
1.853354804085908,-0.7420377719658856,1.0
-0.6241015953777269,0.7021447797347401,0.0
-0.1063143678499969,-0.0574151640240933,1.0
-0.8602050691902692,0.6894664461623539,0.0
0.9686567722048125,0.06527499485432114,0.0
1.0070613632165886,0.6876370312968938,0.0
2.756614501180526,0.4998378601593093,1.0
0.8420157695187928,-0.1160178774017182,1.0
1.4978173876430674,0.14547814171703474,1.0
-0.8241423550230023,-0.4364921557851387,0.0
0.85172428795615,0.3341572519258438,0.0
-1.4393585480896813,-0.2603487399120246,0.0
-1.3487272081504318,0.008676787173033496,0.0
0.2811624546901111,0.1656960267915042,1.0
-0.9971850757393816,-0.09393739213772873,0.0
-0.41031427129720305,1.1684674043231553,0.0
-0.669887089253804,0.45182828450034207,0.0
-0.46385850438214676,0.7140911417298927,0.0
0.6822790944811851,-0.08578487168651189,1.0
0.6123744129405182,-0.5614679055746107,1.0
1.4184454535245528,0.1496805184266073,1.0
-0.2875573715944837,1.0529530411747132,0.0
-0.5635482705067474,1.0256667008605946,0.0
-1.0406371316057812,-0.03151624476582604,0.0
-1.1572639401784837,0.38765943756886956,0.0
2.119814873578279,-0.35850796265724993,1.0
1.902238116265401,0.45971907041152604,1.0
-1.0639113028851972,0.8351460340042175,0.0
-0.36355329899149486,1.0748432894274824,0.0
-0.747583752037746,0.9335929261488435,0.0
-0.39742540766924384,0.800766677012662,0.0
1.7994284464126242,0.42825092710875795,1.0
0.5065955367046939,0.7310397850086787,0.0
-0.007526129665544751,0.6104753988283697,1.0
0.23826901367504127,0.6277605107878912,1.0
-1.5810473322939647,0.04856297903208717,0.0
0.9682165335989307,0.598514894731918,0.0
-1.21773065504396,-0.022291752376581764,0.0
0.6127080940141937,-1.0259603718129635,1.0
-0.9629352394040505,0.11207179354158621,0.0
0.8040076396612974,0.9264293013766358,0.0
0.24961709844186578,1.2414521903809643,0.0
0.8220043963394574,0.10828152147754155,1.0
-0.9217544713950963,0.63868747960738,0.0
-0.16265905846513398,-0.033146336783917374,1.0
1.0844008851509042,-0.42419769386931805,1.0
0.3140638944060016,-0.03043921239027854,1.0
-0.4861737303493491,0.9166764764204791,0.0
0.22460913935464477,1.0498052896970134,0.0
0.7664845731368549,-0.7443261885437145,1.0
0.38469511152001096,-0.03583571329069942,1.0
1.9348623680586814,-0.048123057798688945,1.0
0.30379692424045596,0.5593057745443721,0.0
0.8121812299331419,-0.5277402480955281,1.0
1.9055236754579346,0.4567192957812273,1.0
2.876706360206915,-0.31993746415178703,1.0
-0.09283598844537097,1.1663495019620416,0.0
-0.36028693240925874,0.5243838734625729,0.0
1.7903960529884397,0.2691541934188647,1.0
1.3471602134518064,-0.25006844688612073,1.0
1.2404617973361178,0.39311020927391105,0.0
-0.867666856305283,0.7372024746210576,0.0
0.7783281843474344,0.07327466564654461,1.0
1.3779187015637617,-0.41788863155243827,1.0
-0.49267970024148056,0.9539240794105693,0.0
0.9976858239307247,-0.6293502519655774,1.0
0.10108719160499516,-0.6370980565122083,1.0
1.6427483971419523,0.1607127670893183,0.0
0.046061331593719945,-0.11009178389180145,1.0
0.3789228150205986,-0.03378207523730342,1.0
0.41267290604054746,0.7650070869250737,0.0
1.567225590765394,-0.6500980370484454,1.0
1.3589905121347619,-0.04481353621178989,0.0
0.36679246909213653,0.30419118272849704,1.0
-0.1304332195668929,1.2044320902029806,0.0
1.6386769932387604,-0.01349566341398186,1.0
-0.2720518474135796,0.9317852099820311,0.0
1.043203934460094,-0.18013882169849726,1.0
-0.4008447324282334,0.6264545140102703,0.0
-0.3204786534882453,1.4795204464318035,0.0
-0.0864154444208638,0.2541859889019479,0.0
1.3507379940510296,0.3644197686570399,0.0
-1.154516348138036,0.5066877485930503,0.0
1.1095170694520626,0.47919302346168247,0.0
1.1992179526286715,-0.5276257338522685,1.0
1.6681656238564375,-0.29082591870503466,1.0
0.4239156289854582,0.9785413594515254,1.0
-1.1788376620620125,0.24446824303755096,0.0
-0.03370406276615823,1.2761434581887228,0.0
0.46730460812902996,1.2038272319458896,0.0
-0.8087985190509499,0.37352524199936576,0.0
0.2825574828474331,-0.6755182980366268,1.0
0.35430368234292015,0.7766355428006508,1.0
0.29128662283936324,0.09692095778532933,0.0
0.3959531993127823,1.2056744162389896,0.0
1.236373396564991,-0.10309777939599046,1.0
0.3161726330988954,-0.3664215884910268,1.0
1.9459175390916945,0.5027928609171236,1.0
0.3773930382749808,1.0290456948845006,1.0
2.240757907682531,-0.1507731457612299,1.0
-0.9417897727906741,0.3807894617282234,0.0
1.1432422982208958,-0.12223478527024073,1.0
-0.7468717742212787,-0.04141264351737162,0.0
0.7295165316884518,-0.6196582038422143,1.0
1.0834409131874263,0.222509882669058,0.0
0.2500496113907426,1.1956762427925995,0.0
0.6039617579933111,-0.3406489268302355,1.0
-1.0299931757847456,0.8223047143909492,0.0
-1.164736243442353,0.09916553381917592,0.0
-0.5793448543198687,0.7181468662132788,0.0
2.066752972247312,0.4245326190803252,1.0
0.6090388161464078,0.23879565650085624,0.0
1.888918419252477,0.4035999036039967,0.0
0.2757291562723895,-0.8182060964070677,1.0
0.7069995794381752,-0.23288135294264617,0.0
0.6089180773573766,-0.2921642722480473,1.0
0.04138711116149749,-0.07733842235012009,1.0
-0.09567131385832331,1.3976508249865955,0.0
0.9082128542511421,-0.09338362315783538,0.0
-0.4033843869091134,0.8623438713512711,0.0
0.4836960584303522,-0.10674053217264318,1.0
0.8261835883128092,0.20115233153725603,1.0
0.6941366079837922,1.297235729447102,0.0
0.7966579817834658,-0.4109063233023841,0.0
1.14450916278988,-0.5859466613472047,1.0
0.3730147530514965,0.6290121620086385,0.0
1.2591343756139761,-0.21506988475232186,1.0
